name,entry,size,thunk,calling_convention
FUN_1000b0e0,1000b0e0,8704,0,unknown
FUN_10007030,10007030,5861,0,unknown
FUN_10012d90,10012d90,2737,0,unknown
FUN_1001bfb0,1001bfb0,2691,0,unknown
FUN_1000eba0,1000eba0,1425,0,unknown
FUN_10002550,10002550,1380,0,unknown
FUN_100045b0,100045b0,1379,0,unknown
FUN_100108d0,100108d0,1353,0,unknown
FUN_10014f00,10014f00,1284,0,unknown
FUN_10017b90,10017b90,1284,0,unknown
FUN_1000deb0,1000deb0,1267,0,unknown
FUN_100097b0,100097b0,1212,0,unknown
FUN_10003190,10003190,1189,0,unknown
FUN_1000fab0,1000fab0,1156,0,unknown
FUN_1001ca50,1001ca50,1144,0,unknown
FUN_1001ced0,1001ced0,1140,0,unknown
FUN_10019a10,10019a10,1072,0,unknown
FUN_10008730,10008730,1063,0,unknown
FUN_10001f70,10001f70,992,0,unknown
FUN_10013e70,10013e70,986,0,unknown
FUN_10018870,10018870,981,0,unknown
FUN_10005c20,10005c20,965,0,unknown
FUN_10005850,10005850,962,0,unknown
FUN_100203a0,100203a0,928,0,unknown
FUN_1001bc30,1001bc30,894,0,unknown
FUN_10008b60,10008b60,802,0,unknown
FUN_1000d740,1000d740,789,0,unknown
FUN_10017570,10017570,777,0,unknown
FUN_10009d30,10009d30,773,0,unknown
FUN_10010e30,10010e30,763,0,unknown
FUN_10012900,10012900,753,0,unknown
FUN_100156b0,100156b0,747,0,unknown
FUN_10004b20,10004b20,739,0,unknown
FUN_1000db60,1000db60,732,0,unknown
FUN_10013ba0,10013ba0,718,0,unknown
FUN_10011c50,10011c50,700,0,unknown
FUN_1001d7b0,1001d7b0,697,0,unknown
FUN_100093b0,100093b0,688,0,unknown
FUN_10005ff0,10005ff0,684,0,unknown
FUN_100062a0,100062a0,684,0,unknown
FUN_1000ae50,1000ae50,632,0,unknown
FUN_1001a150,1001a150,628,0,unknown
FUN_10010660,10010660,622,0,unknown
FUN_10009080,10009080,609,0,unknown
FUN_1001a3d0,1001a3d0,600,0,unknown
FUN_1001a8e0,1001a8e0,587,0,unknown
FUN_1001b9e0,1001b9e0,583,0,unknown
FUN_10002e20,10002e20,576,0,unknown
FUN_10006c60,10006c60,562,0,unknown
FUN_10019f10,10019f10,561,0,unknown
FUN_1000a9d0,1000a9d0,543,0,unknown
FUN_10011a30,10011a30,536,0,unknown
FUN_1001b7c0,1001b7c0,530,0,unknown
FUN_1001f7c0,1001f7c0,528,0,unknown
FUN_10012550,10012550,526,0,unknown
FUN_1001ab30,1001ab30,524,0,unknown
__CRT_INIT@12,10020a46,522,0,unknown
FUN_10004070,10004070,514,0,unknown
FUN_1000f4c0,1000f4c0,510,0,unknown
FUN_10020190,10020190,509,0,unknown
FUN_100139a0,100139a0,503,0,unknown
FUN_1001b5c0,1001b5c0,502,0,unknown
FUN_10018680,10018680,492,0,unknown
FUN_1001b3d0,1001b3d0,485,0,unknown
FUN_10001b80,10001b80,476,0,unknown
FUN_10019790,10019790,475,0,unknown
FUN_100142e0,100142e0,465,0,unknown
FUN_10019180,10019180,463,0,unknown
FUN_10016fc0,10016fc0,461,0,unknown
FUN_100165e0,100165e0,452,0,unknown
FUN_10005690,10005690,437,0,unknown
FUN_1001ad40,1001ad40,434,0,unknown
FUN_1001af00,1001af00,434,0,unknown
FUN_1001a630,1001a630,431,0,unknown
FUN_1001d600,1001d600,426,0,unknown
FUN_10003ec0,10003ec0,424,0,unknown
FUN_10018cb0,10018cb0,421,0,unknown
FUN_10012760,10012760,412,0,unknown
FUN_10018370,10018370,412,0,unknown
FUN_10018e60,10018e60,411,0,unknown
FUN_10003990,10003990,410,0,unknown
FUN_10004e10,10004e10,403,0,unknown
FUN_1001f1d0,1001f1d0,402,0,unknown
FUN_1000f340,1000f340,383,0,unknown
FUN_10015a80,10015a80,378,0,unknown
FUN_100179d0,100179d0,376,0,unknown
FUN_10001500,10001500,359,0,unknown
FUN_10019000,10019000,358,0,unknown
FUN_1000f140,1000f140,355,0,unknown
FUN_10015f90,10015f90,352,0,unknown
FUN_100012a0,100012a0,346,0,unknown
FUN_10011730,10011730,345,0,unknown
FUN_10014cf0,10014cf0,345,0,unknown
FUN_10008f20,10008f20,343,0,unknown
FUN_10006730,10006730,341,0,unknown
FUN_1001d4a0,1001d4a0,340,0,unknown
FUN_10013850,10013850,336,0,unknown
FUN_10009660,10009660,335,0,unknown
FUN_10017880,10017880,332,0,unknown
FUN_1000acf0,1000acf0,327,0,unknown
FUN_10003770,10003770,326,0,unknown
FUN_10016e70,10016e70,323,0,unknown
FUN_100103f0,100103f0,322,0,unknown
FUN_1001f370,1001f370,322,0,unknown
FUN_10002350,10002350,314,0,unknown
FUN_10004fc0,10004fc0,314,0,unknown
FUN_1001f010,1001f010,302,0,unknown
FUN_1001b2a0,1001b2a0,299,0,unknown
FUN_10005560,10005560,297,0,unknown
FUN_100168a0,100168a0,296,0,unknown
FUN_10003640,10003640,290,0,unknown
FUN_10001a60,10001a60,285,0,unknown
FUN_10019350,10019350,282,0,unknown
FUN_10003070,10003070,280,0,unknown
FUN_10001940,10001940,278,0,unknown
FUN_1001b0c0,1001b0c0,277,0,unknown
FUN_100171f0,100171f0,275,0,unknown
FUN_10011510,10011510,273,0,unknown
FUN_10004280,10004280,268,0,unknown
FUN_100155a0,100155a0,267,0,unknown
FUN_10002c50,10002c50,264,0,unknown
FUN_10014560,10014560,262,0,unknown
___report_gsfailure,10020d89,262,0,__cdecl
FUN_100169d0,100169d0,256,0,unknown
FUN_100180a0,100180a0,255,0,unknown
FUN_10012390,10012390,254,0,unknown
FUN_1000a110,1000a110,253,0,unknown
FUN_1000d530,1000d530,253,0,unknown
FUN_1001a7e0,1001a7e0,253,0,unknown
FUN_10001400,10001400,252,0,unknown
FUN_10006f30,10006f30,250,0,unknown
FUN_10017310,10017310,250,0,unknown
FUN_100208f0,100208f0,249,0,unknown
FUN_10012290,10012290,248,0,unknown
FUN_1000a820,1000a820,247,0,unknown
FUN_100147a0,100147a0,247,0,unknown
FUN_1001e470,1001e470,247,0,unknown
FUN_10016d70,10016d70,246,0,unknown
FUN_100195b0,100195b0,246,0,unknown
FUN_10012190,10012190,245,0,unknown
FUN_100194b0,100194b0,245,0,unknown
FUN_100207f0,100207f0,244,0,unknown
FUN_1000da60,1000da60,240,0,unknown
___DllMainCRTStartup,10020c50,240,0,unknown
FUN_10003c20,10003c20,236,0,unknown
FUN_1001ed80,1001ed80,236,0,unknown
FUN_10003b30,10003b30,231,0,unknown
FUN_100167b0,100167b0,230,0,unknown
FUN_1000ac00,1000ac00,229,0,unknown
FUN_1001da70,1001da70,229,0,unknown
FUN_10018280,10018280,228,0,unknown
FUN_1000a210,1000a210,226,0,unknown
FUN_10017410,10017410,226,0,unknown
FUN_100181a0,100181a0,224,0,unknown
FUN_100159a0,100159a0,223,0,unknown
FUN_1001e380,1001e380,223,0,unknown
FUN_1001e570,1001e570,223,0,unknown
FUN_1001fc20,1001fc20,223,0,unknown
FUN_1001fd10,1001fd10,223,0,unknown
FUN_10012ca0,10012ca0,220,0,unknown
FUN_100011c0,100011c0,219,0,unknown
FUN_100053c0,100053c0,217,0,unknown
FUN_1000f6d0,1000f6d0,213,0,unknown
FUN_100196b0,100196b0,213,0,unknown
FUN_10015d50,10015d50,211,0,unknown
FUN_100149d0,100149d0,209,0,unknown
FUN_10006600,10006600,208,0,unknown
FUN_1001d3d0,1001d3d0,207,0,unknown
FUN_1001f9d0,1001f9d0,207,0,unknown
FUN_1000a6c0,1000a6c0,203,0,unknown
FUN_10001830,10001830,201,0,unknown
FUN_1001dd50,1001dd50,200,0,unknown
FUN_1000a420,1000a420,197,0,unknown
FUN_1000a040,1000a040,196,0,unknown
FUN_10003d90,10003d90,195,0,unknown
FUN_1000d3c0,1000d3c0,194,0,unknown
FUN_1001e190,1001e190,194,0,unknown
FUN_1000f9f0,1000f9f0,191,0,unknown
FUN_100148d0,100148d0,187,0,unknown
FUN_10001d60,10001d60,186,0,unknown
FUN_1000d300,1000d300,184,0,unknown
FUN_1000e3b0,1000e3b0,183,0,unknown
FUN_1001f4c0,1001f4c0,183,0,unknown
FUN_10018510,10018510,182,0,unknown
FUN_100044f0,100044f0,181,0,unknown
FUN_10012490,10012490,180,0,unknown
FUN_10014ae0,10014ae0,180,0,unknown
FUN_100054a0,100054a0,178,0,unknown
FUN_100154e0,100154e0,178,0,unknown
FUN_10011970,10011970,177,0,unknown
FUN_10020740,10020740,173,0,unknown
FUN_1001dc00,1001dc00,171,0,unknown
FUN_10002d60,10002d60,170,0,unknown
FUN_10010540,10010540,170,0,unknown
FUN_1001de60,1001de60,167,0,unknown
FUN_1001e6e0,1001e6e0,167,0,unknown
FUN_1001e790,1001e790,167,0,unknown
__IsNonwritableInCurrentImage,10021030,166,0,__cdecl
FUN_100185d0,100185d0,165,0,unknown
FUN_10005100,10005100,164,0,unknown
FUN_10012060,10012060,155,0,unknown
FUN_10016450,10016450,155,0,unknown
___security_init_cookie,100211ae,155,0,__cdecl
FUN_10012c00,10012c00,154,0,unknown
FUN_10014670,10014670,154,0,unknown
FUN_10019970,10019970,154,0,unknown
FUN_1001e940,1001e940,153,0,unknown
FUN_1001eb00,1001eb00,153,0,unknown
FUN_1001eba0,1001eba0,153,0,unknown
FUN_1001ec40,1001ec40,153,0,unknown
FUN_1001ece0,1001ece0,153,0,unknown
FUN_1001fed0,1001fed0,153,0,unknown
__onexit,10020e9b,152,0,unknown
FUN_1000d490,1000d490,150,0,unknown
FUN_1001db60,1001db60,150,0,unknown
FUN_1001dcb0,1001dcb0,150,0,unknown
FUN_1001e840,1001e840,150,0,unknown
FUN_10016220,10016220,149,0,unknown
FUN_10011690,10011690,148,0,unknown
FUN_10015cc0,10015cc0,144,0,unknown
FUN_10002490,10002490,143,0,unknown
FUN_1001f730,1001f730,141,0,unknown
FUN_10020100,10020100,141,0,unknown
FUN_10008e90,10008e90,140,0,unknown
FUN_10006b30,10006b30,139,0,unknown
FUN_10012100,10012100,138,0,unknown
FUN_10014710,10014710,138,0,unknown
FUN_10001750,10001750,136,0,unknown
FUN_10014250,10014250,136,0,unknown
FUN_10014c60,10014c60,136,0,unknown
FUN_10006ea0,10006ea0,135,0,unknown
FUN_1000f2b0,1000f2b0,134,0,unknown
FUN_1000a300,1000a300,131,0,unknown
FUN_1000a390,1000a390,131,0,unknown
FUN_1000a790,1000a790,131,0,unknown
FUN_1000f960,1000f960,131,0,unknown
FUN_10014ba0,10014ba0,131,0,unknown
FUN_1000d6c0,1000d6c0,128,0,unknown
FUN_10005260,10005260,126,0,unknown
FUN_100118f0,100118f0,123,0,unknown
FUN_1001f150,1001f150,121,0,unknown
FUN_1000a4f0,1000a4f0,120,0,unknown
FUN_10001140,10001140,119,0,unknown
FUN_1000a640,1000a640,117,0,unknown
FUN_100212a6,100212a6,117,0,unknown
FUN_10015f10,10015f10,113,0,unknown
FUN_1001efa0,1001efa0,112,0,unknown
FUN_100105f0,100105f0,110,0,unknown
FUN_100160f0,100160f0,109,0,unknown
FUN_10015c50,10015c50,108,0,unknown
FUN_1000de40,1000de40,107,0,unknown
FUN_100161b0,100161b0,106,0,unknown
FUN_100052e0,100052e0,105,0,unknown
__aulldiv,10021370,104,0,unknown
FUN_100016c0,100016c0,102,0,unknown
FUN_10009340,10009340,102,0,unknown
FUN_10017500,10017500,102,0,unknown
FUN_100051b0,100051b0,101,0,unknown
FUN_10001e70,10001e70,100,0,unknown
FUN_1000a5d0,1000a5d0,100,0,unknown
FUN_10016340,10016340,100,0,unknown
FUN_10015470,10015470,99,0,unknown
FUN_10015ea0,10015ea0,99,0,unknown
FUN_1001b1e0,1001b1e0,99,0,unknown
FUN_10005350,10005350,98,0,unknown
FUN_10001ee0,10001ee0,97,0,unknown
FUN_1001fe00,1001fe00,97,0,unknown
FUN_10014ea0,10014ea0,96,0,unknown
FUN_1000a570,1000a570,93,0,unknown
FUN_10006550,10006550,91,0,unknown
FUN_100066d0,100066d0,91,0,unknown
FUN_10001000,10001000,90,0,unknown
FUN_10015410,10015410,90,0,unknown
FUN_10002bf0,10002bf0,89,0,unknown
FUN_10017190,10017190,88,0,unknown
FUN_10006890,10006890,87,0,unknown
FUN_10012000,10012000,86,0,unknown
FUN_1001df10,1001df10,86,0,unknown
FUN_10001090,10001090,85,0,unknown
FUN_100068f0,100068f0,85,0,unknown
FUN_1001e030,1001e030,85,0,unknown
FUN_1001fb00,1001fb00,84,0,unknown
FUN_10016c20,10016c20,82,0,unknown
FUN_10016160,10016160,80,0,unknown
FUN_10015c00,10015c00,79,0,unknown
FUN_10001670,10001670,78,0,unknown
FUN_10001e20,10001e20,78,0,unknown
FUN_10014e50,10014e50,77,0,unknown
FUN_1000d670,1000d670,72,0,unknown
FUN_100144c0,100144c0,72,0,unknown
FUN_10006c10,10006c10,71,0,unknown
FUN_10006bc0,10006bc0,70,0,unknown
FUN_100017e0,100017e0,69,0,unknown
FUN_100118a0,100118a0,69,0,unknown
FUN_10014510,10014510,69,0,unknown
__SEH_prolog4,10021130,69,0,unknown
FUN_100010f0,100010f0,68,0,unknown
FUN_100038c0,100038c0,68,0,unknown
FUN_10010080,10010080,68,0,unknown
__FindPESection,10020fe0,68,0,__cdecl
FUN_100065b0,100065b0,66,0,unknown
FUN_100092f0,100092f0,65,0,unknown
FUN_10011f70,10011f70,65,0,unknown
FUN_1001b250,1001b250,65,0,unknown
FUN_10005220,10005220,62,0,unknown
FUN_1000e600,1000e600,60,0,unknown
FUN_10011fc0,10011fc0,59,0,unknown
FUN_1001d390,1001d390,58,0,unknown
FUN_1000d630,1000d630,56,0,unknown
FUN_10017b50,10017b50,55,0,unknown
FUN_10001900,10001900,53,0,unknown
FUN_10014990,10014990,53,0,unknown
__ValidateImageBase,10020fa0,53,0,__cdecl
__allmul,100213e0,52,0,unknown
FUN_10010380,10010380,50,0,unknown
FUN_10002520,10002520,46,0,unknown
FUN_100148a0,100148a0,45,0,unknown
FUN_10014ab0,10014ab0,45,0,unknown
FUN_10014c30,10014c30,44,0,unknown
__alloca_probe,10021330,43,0,unknown
FUN_10011f40,10011f40,38,0,unknown
FUN_10021189,10021189,37,0,unknown
FUN_10011630,10011630,36,0,unknown
FUN_10011660,10011660,36,0,unknown
_DllMain@12,10021104,36,0,unknown
entry,10020d66,35,0,unknown
FUN_10001f50,10001f50,31,0,unknown
dllEntry,10003970,31,0,unknown
FUN_10021270,10021270,28,0,unknown
_atexit,10020f3c,23,0,__cdecl
FUN_10001730,10001730,22,0,unknown
__SEH_epilog4,10021175,20,0,unknown
__security_check_cookie,100209e9,15,0,__fastcall
FUN_10020d5b,10020d5b,11,0,unknown
FUN_10020f33,10020f33,9,0,unknown
initterm,100210ec,6,1,__cdecl
initterm_e,100210f2,6,1,__cdecl
_amsg_exit,100210f8,6,1,__cdecl
_crt_debugger_hook,1002124a,6,1,__cdecl
_unlock,10021256,6,1,__cdecl
__dllonexit,1002125c,6,1,unknown
_lock,10021262,6,1,__cdecl
except_handler4_common,10021268,6,1,__cdecl
memset,1002131c,6,1,__cdecl
_CIcos,10021322,6,1,unknown
_CIsin,10021328,6,1,unknown
_CIatan2,1002135c,6,1,unknown
_CItan,10021362,6,1,unknown
